objective,property,target,num_smiles,valid,unique@1000,unique@10000,FCD/Test,SNN/Test,Frag/Test,Scaf/Test,FCD/TestSF,SNN/TestSF,Frag/TestSF,Scaf/TestSF,IntDiv,IntDiv2,Filters,logP,SA,QED,weight,Novelty
MULTI-OBJECTIVE,LOGP-TPSA,1.0-20.0,49590,1.0,0.398,0.1835,33.44363124269347,0.31303278514035504,0.780946937380944,0.03839033141058601,34.779398300513634,0.285234149363411,0.8952651082154668,8.674386494289532e-05,0.9073932572389467,0.862978557822388,0.8163541036499294,1.5126182160775925,0.18882458022235343,0.31283066032466,199.7993059373955,1.0
MULTI-OBJECTIVE,LOGP-TPSA,2.0-40.0,49692,1.0,0.955,0.8652,14.436706667865245,0.46735559560998446,0.2142467440112683,0.1636484470908851,15.9181535340648,0.4415661424016387,0.28688145829016043,0.012178731058973269,0.8595502869479137,0.8479963780594222,0.8553489495290992,0.614176474727705,0.10425673888812656,0.11708217108223182,87.8603994210002,0.9981192247935236
MULTI-OBJECTIVE,LOGP-TPSA,3.0-60.0,49589,1.0,0.992,0.9542,9.09386532818148,0.4754251206090531,0.8438935917892291,0.2557331363144375,10.504458047317193,0.4541717833842005,0.7839017485519264,0.02205445022853747,0.8297252953817682,0.8220607611043443,0.862247675895864,0.6017876013882598,0.011774568587229143,0.10767819189348359,12.161814146225659,0.9938831142926797
MULTI-OBJECTIVE,LOGP-TPSA,4.0-80.0,49693,1.0,0.988,0.9704,11.369450248052473,0.44436338292785466,0.7889200487717416,0.2020066193114538,12.526927507636543,0.4295942403940297,0.8745640992971311,0.018947314510698532,0.8156927277858232,0.8091498650295712,0.8475439196667539,1.598807067225264,0.19120831105661298,0.28502891242929673,96.87454901320935,0.9993027825315333
