objective,property,target,num_smiles,valid,unique@1000,unique@10000,FCD/Test,SNN/Test,Frag/Test,Scaf/Test,FCD/TestSF,SNN/TestSF,Frag/TestSF,Scaf/TestSF,IntDiv,IntDiv2,Filters,logP,SA,QED,weight,Novelty
MULTI-OBJECTIVE-R1,LOGP-TPSA,1.0-20.0,9896,1.0,0.398,0.18522635408245755,33.45588129580559,0.3136534838550991,0.7974317808913874,0.034376901644530666,34.78427537433817,0.28611302357987656,0.8714868721772153,0.00013682467549969157,0.9075844043892798,0.8629797530210344,0.8228577202910267,1.5105858432495602,0.1915457656119435,0.3122376237759691,199.5183113283231,1.0
MULTI-OBJECTIVE-R1,LOGP-TPSA,2.0-40.0,9898,1.0,0.955,0.8682562133764397,14.251206157154222,0.4719629157315748,0.3751511895923756,0.155898679563795,15.715879193671476,0.44731593186216034,-0.34870880322735154,0.012692594901648646,0.8593477673382561,0.847683928272172,0.8560315215194989,0.6172539433876443,0.11518381888347476,0.11331206718734717,88.66633333924273,0.9976727949732371
MULTI-OBJECTIVE-R1,LOGP-TPSA,3.0-60.0,9900,1.0,0.992,0.954040404040404,9.33845790812481,0.47250546229006063,0.3732386858524954,0.22869371579034636,10.721436678713395,0.45193897037795094,-0.3645814507391978,0.02219668448598222,0.8292835752018762,0.8213044799435949,0.8622222222222222,0.6086612678069364,0.01809787142729037,0.1152594277630253,13.871091266822729,0.9947061937533086
MULTI-OBJECTIVE-R1,LOGP-TPSA,4.0-80.0,9899,1.0,0.988,0.9703000303060916,11.800681141870456,0.4414251094629625,0.3755710317924319,0.18291987840395962,12.978988379862116,0.42699385384788824,-0.35824564345685594,0.024218222632690578,0.8163317166133971,0.8095814015725543,0.8530154561066774,1.60178137609199,0.19874640684524328,0.28279709817006976,95.27115798745987,0.9996876626756898
