objective,property,target,num_smiles,valid,unique@1000,unique@10000,FCD/Test,SNN/Test,Frag/Test,Scaf/Test,FCD/TestSF,SNN/TestSF,Frag/TestSF,Scaf/TestSF,IntDiv,IntDiv2,Filters,logP,SA,QED,weight,Novelty
MULTI-OBJECTIVE-R3,LOGP-TPSA,1.0-20.0,9898,1.0,0.417,0.18205698120832492,33.55258868916088,0.31420779729984244,0.7803642678131802,0.029410179957249816,34.89337555613397,0.28592128251527,0.8988945365178107,2.116329370216441e-05,0.906007996611987,0.8617986582713768,0.8097595473833098,1.5156480766676517,0.18298378861995995,0.3126723277755382,199.7597976093067,1.0
MULTI-OBJECTIVE-R3,LOGP-TPSA,2.0-40.0,9898,1.0,0.952,0.8656294200848657,14.645133757746322,0.4642029036973842,0.40811479734629486,0.16372988880337958,16.137367509917695,0.4384518769605638,-0.3037119027959623,0.01219137464497988,0.8600167441534202,0.8481214521300625,0.8478480501111335,0.6091759608901679,0.09375166541760514,0.11875984799553604,86.54397437783638,0.9991830065359477
MULTI-OBJECTIVE-R3,LOGP-TPSA,3.0-60.0,9900,1.0,0.987,0.9484848484848485,9.419670675081434,0.47889804946954806,0.34173470619754887,0.25329474184814393,10.864712776781246,0.4566441357858253,-0.4062063208896878,0.026173559510365818,0.8289647714478449,0.8208171525995185,0.8616161616161616,0.6003152018927999,0.021970557978868335,0.09978918747439902,10.95973501935882,0.9938232161874334
MULTI-OBJECTIVE-R3,LOGP-TPSA,4.0-80.0,9899,1.0,0.964,0.9722194161026366,11.555658528961281,0.4481813050012466,0.37944849790821866,0.19548546256107557,12.701406249433248,0.4332575165062724,-0.3538135316548585,0.021647724890433095,0.8131426785097634,0.8060416233813767,0.8404889382765935,1.5918637975487022,0.1678568551271845,0.27966639789828956,95.60494494583979,0.9988570241064006
