objective,property,target,num_smiles,valid,unique@1000,unique@10000,FCD/Test,SNN/Test,Frag/Test,Scaf/Test,FCD/TestSF,SNN/TestSF,Frag/TestSF,Scaf/TestSF,IntDiv,IntDiv2,Filters,logP,SA,QED,weight,Novelty
MULTI-OBJECTIVE-R2,LOGP-TPSA,1.0-20.0,9898,1.0,0.401,0.17902606587189332,33.54149987525867,0.31186554509492254,0.767164413248819,0.033134152697266384,34.881898188130165,0.2841497704019376,0.9140315815697251,8.253356562915037e-05,0.9076885437761003,0.8628448731621279,0.8163265306122449,1.510177378094106,0.19311628748372453,0.31336302033753033,200.13019758910062,1.0
MULTI-OBJECTIVE-R2,LOGP-TPSA,2.0-40.0,9900,1.0,0.939,0.8860606060606061,14.220562228538974,0.46831257360601664,0.3938916089707183,0.14897434224058903,15.697253595326366,0.44208716366026135,-0.3219692495800186,0.011850935392283879,0.8593929617184399,0.8478323735064559,0.8688888888888889,0.6157919524869773,0.1072490666885344,0.1131649012393403,86.90187418784323,0.998062015503876
MULTI-OBJECTIVE-R2,LOGP-TPSA,3.0-60.0,9897,1.0,0.971,0.9539254319490755,9.108345335088842,0.4763932845258732,0.3414802860212862,0.2564979005413497,10.569691485989331,0.45508061434911384,-0.406692251031302,0.019711983732036864,0.8307220814734249,0.8228081543796053,0.8661210467818531,0.5951792984024001,0.015350364370089036,0.10191573373619037,12.011686630223764,0.9918440843131024
MULTI-OBJECTIVE-R2,LOGP-TPSA,4.0-80.0,10000,1.0,0.995,0.9744,11.040844337746229,0.445083136446774,0.369082958476328,0.1927694751947,12.110625966003305,0.4306777849987149,-0.3696934080457712,0.01834830137272847,0.8166664527059937,0.8101284524829708,0.8657,1.6020420394243462,0.1974638850938775,0.2788921050518259,95.4920597041779,0.9994868637110016
