objective,property,target,num_smiles,valid,unique@1000,unique@10000,FCD/Test,SNN/Test,Frag/Test,Scaf/Test,FCD/TestSF,SNN/TestSF,Frag/TestSF,Scaf/TestSF,IntDiv,IntDiv2,Filters,logP,SA,QED,weight,Novelty
MULTI-OBJECTIVE-R5,LOGP-TPSA,1.0-20.0,9900,1.0,0.414,0.1796969696969697,33.43521581399581,0.3134576216422849,0.774965184430566,0.035374116775166775,34.765681999129896,0.2855402517333777,0.9022642417906646,0.00012589289689546312,0.907791564225703,0.8631431161818575,0.8126262626262626,1.517640741828752,0.18892976991342825,0.31254533296348197,199.57288288573233,1.0
MULTI-OBJECTIVE-R5,LOGP-TPSA,2.0-40.0,9997,1.0,0.968,0.8628588576572972,14.583206886118148,0.4648376947029049,0.4160853942901994,0.1372217641419865,16.052478326655496,0.43906315464913587,-0.2919801189382314,0.013158568986713859,0.860499480133294,0.8487091745040292,0.8566569970991298,0.6185629449016737,0.09690987084405209,0.1186910284748024,87.71613780867006,0.9977973568281938
MULTI-OBJECTIVE-R5,LOGP-TPSA,3.0-60.0,9893,1.0,0.975,0.9514808450419489,9.293914305662256,0.47370524901170336,0.3670791349591518,0.22391903108904676,10.652130140536556,0.45238385513314916,-0.3694542123178781,0.018408160936662865,0.828968345172109,0.8209950842448808,0.8487819670474073,0.5962544304880922,0.014868255773899261,0.11014852001261796,11.286779400285946,0.9934133644959099
MULTI-OBJECTIVE-R5,LOGP-TPSA,4.0-80.0,9997,1.0,0.983,0.967890367110133,11.788667375737553,0.44473128296815717,0.37199543174588623,0.2235081092407405,13.037964846233727,0.42899252840837526,-0.365878655960048,0.01623469910552222,0.815775172927277,0.8087308823535353,0.8299489846954087,1.5803546681248566,0.19341093980648955,0.2858488088166353,95.75732326197524,0.9987598181066556
