objective,property,target,num_smiles,valid,unique@1000,unique@10000,FCD/Test,SNN/Test,Frag/Test,Scaf/Test,FCD/TestSF,SNN/TestSF,Frag/TestSF,Scaf/TestSF,IntDiv,IntDiv2,Filters,logP,SA,QED,weight,Novelty
MULTI-OBJECTIVE-R4,LOGP-TPSA,1.0-20.0,9998,1.0,0.447,0.1820364072814563,33.608419575664136,0.31199005217024817,0.7731840607961095,0.03284054280625737,34.94526401545403,0.2844544120474228,0.9059927171300566,0.0,0.9073021864151178,0.8621802807226547,0.8201640328065614,1.509110552773163,0.18856970894337258,0.31332993175078766,200.01318035562883,1.0
MULTI-OBJECTIVE-R4,LOGP-TPSA,2.0-40.0,9999,1.0,0.961,0.8406840684068407,15.119361386887554,0.46748555492539323,0.3995973862401243,0.14667253661285273,16.61895884505254,0.44094386430952187,-0.31278577585121337,0.006117575409348652,0.8574658908419128,0.8452170603471519,0.8473847384738474,0.6102397043423069,0.12103978165455483,0.12142381536598083,89.45900302872732,0.9984534856055198
MULTI-OBJECTIVE-R4,LOGP-TPSA,3.0-60.0,9999,1.0,0.984,0.9613961396139614,9.21999698048836,0.4756206794716332,0.3581522073323449,0.28001452343672173,10.611525719127904,0.4548040300202329,-0.3823926516339937,0.020429618071251765,0.8291553908008275,0.8214261916811196,0.8723872387238724,0.6098368740217338,0.015044464004046326,0.11124244841319657,13.004721277188091,0.9943826068865078
MULTI-OBJECTIVE-R4,LOGP-TPSA,4.0-80.0,9898,1.0,0.987,0.9734289755506162,11.677041554337954,0.44238489500427036,0.38360827953987764,0.18411127003697747,12.81278136593886,0.42804426311163934,-0.3485627067730488,0.012048272959393813,0.8145864647547273,0.8078191236801683,0.8485552636896343,1.6181450804473814,0.20012131221506868,0.2979959593362487,102.27299714392265,0.9997924234561495
